timestamp,model_name,train_samples,train_partition_size,test_samples,fit_time_sec,inference_time_sec,contamination,score_count,score_mean,score_std,score_min,score_p25,score_median,score_p75,score_p95,score_p99,score_max,model_key,seed,split_strategy,split_day,n_features,feature_set,imputer,scaler,threshold,alert_rate_pct,sklearn_version,git_commit
2026-09-29 11:24:40,IsolationForest,5000,721612,333671,0.8005,2.0204,0.05,333671.0,0.4005,0.08,0.3237,0.3351,0.3711,0.4428,0.583,0.639,0.7512,,,,,,,,,,,,
2026-09-29 11:24:40,ZScoreBaseline,5000,721612,333671,0.0001,0.0019,0.05,333671.0,0.3258,0.9947,0.0001,0.1654,0.1654,0.1654,0.1654,6.9719,6.9719,,,,,,,,,,,,
2026-09-29 11:24:41,RuleThresholdBaseline,5000,721612,333671,0.0,0.0,0.05,333671.0,0.0254,0.1466,0.0,0.0,0.0,0.0,0.0121,1.0,1.0,,,,,,,,,,,,
2026-09-29 11:24:45,OneClassSVM,5000,721612,333671,0.0549,4.2551,0.05,333671.0,0.4542,13.1513,-2.2903,-0.9013,-0.8762,-0.7651,0.0054,29.3616,220.2111,,,,,,,,,,,,
2026-09-29 11:25:10,IsolationForest,10000,831887,223396,0.8884,1.3731,0.05,223396.0,0.3997,0.0818,0.3229,0.3335,0.3691,0.4402,0.5774,0.6369,0.7608,,,,,,,,,,,,
2026-09-29 11:25:10,ZScoreBaseline,10000,831887,223396,0.0002,0.0013,0.05,223396.0,0.3365,1.0412,0.0,0.1642,0.1642,0.1642,0.1642,7.0985,7.0985,,,,,,,,,,,,
2026-09-29 11:25:10,RuleThresholdBaseline,10000,831887,223396,0.0,0.0,0.05,223396.0,0.0266,0.1506,0.0,0.0,0.0,0.0,0.0129,1.0,1.0,,,,,,,,,,,,
2026-09-29 17:19:07,LocalOutlierFactor,5000,721612,333671,0.0856,1.4539,0.05,333671.0,-0.6024,3.6912,-0.9041,-0.8463,-0.8168,-0.711,0.0359,1.3779,597.7058,,,,,,,,,,,,
2026-09-29 23:46:23,IsolationForest,721612,721612,333671,11.431,1.971,0.05,333671.0,-0.172509,0.08263,-0.247352,-0.237164,-0.202525,-0.139567,0.009301,0.090958,0.174523,isolation_forest,42.0,time,42.0,16.0,core,SimpleImputer,RobustScaler,-8.343708634840326e-17,5.9349,1.9.1,124de89a7b89935ffde4a946649cb0410e8d01c7
2026-09-29 23:46:23,LocalOutlierFactor,20000,721612,333671,2.226,4.905,0.05,333671.0,33370802.01267,525092651.831532,-0.751414,-0.608426,-0.497295,-0.320053,0.122912,1.337744,44557543173.91899,local_outlier_factor,42.0,time,42.0,16.0,core,SimpleImputer,RobustScaler,-0.054214953541523385,9.236,1.9.1,124de89a7b89935ffde4a946649cb0410e8d01c7
2026-09-29 23:46:23,OneClassSVM,20000,721612,333671,3.355,16.57,0.05,333671.0,-21.636364,46.482173,-75.365622,-34.421103,-29.8221,-21.42507,3.075562,258.980599,438.316257,one_class_svm,42.0,time,42.0,16.0,core,SimpleImputer,RobustScaler,0.00014639143836348012,6.388,1.9.1,124de89a7b89935ffde4a946649cb0410e8d01c7
2026-09-29 23:46:23,ZScoreBaseline,721612,721612,333671,2.629,0.118,0.05,333671.0,7.704267,26.020421,0.192391,1.064396,2.734184,4.986809,28.053685,93.722813,953.153009,zscore_baseline,42.0,time,42.0,16.0,core,SimpleImputer,,23.79164673444592,5.8537,1.9.1,124de89a7b89935ffde4a946649cb0410e8d01c7
2026-09-29 23:46:23,RuleThresholdBaseline,721612,721612,333671,1.154,0.088,0.05,333671.0,0.306879,0.141026,0.0,0.166667,0.333333,0.333333,0.5,0.5,1.0,rule_threshold_baseline,42.0,time,42.0,16.0,core,SimpleImputer,,0.5,20.3512,1.9.1,124de89a7b89935ffde4a946649cb0410e8d01c7
