,distinct_sources_count,rare_logon_type_count,total_logons,failure_locked_out_share,failure_ratio,off_hours_ratio,distinct_hosts,missing_source_ratio,custom_proc_share,delta_t_cv,interactive_ratio,interarrival_dt_mean,is_single_event,ntlm_ratio,remote_logon_ratio,same_second_share
distinct_sources_count,1.0000,0.5238,0.1537,0.0357,0.2529,-0.1713,0.4601,-0.1667,0.3846,0.4220,0.3313,-0.1580,-0.1051,-0.2189,-0.0340,0.3676
rare_logon_type_count,0.5238,1.0000,0.0963,-0.0315,0.4329,-0.3427,0.4766,-0.1352,0.4209,0.4856,0.4399,-0.1986,0.0093,-0.4253,-0.2880,0.4231
total_logons,0.1537,0.0963,1.0000,0.0182,-0.0271,0.1207,0.4096,0.0188,-0.0192,0.0668,-0.0520,-0.6008,-0.2124,0.0654,0.1273,0.1520
failure_locked_out_share,0.0357,-0.0315,0.0182,1.0000,0.1015,-0.0316,0.0103,0.0085,-0.0057,0.0390,-0.0058,-0.0564,-0.0204,0.1194,0.0196,-0.0018
failure_ratio,0.2529,0.4329,-0.0271,0.1015,1.0000,-0.2435,0.1886,-0.0999,0.2007,0.2734,0.3324,-0.1438,0.1278,-0.1279,-0.1299,0.1575
off_hours_ratio,-0.1713,-0.3427,0.1207,-0.0316,-0.2435,1.0000,-0.3300,0.0064,-0.0868,-0.3874,-0.3221,0.2510,-0.0333,0.0428,0.1542,-0.0574
distinct_hosts,0.4601,0.4766,0.4096,0.0103,0.1886,-0.3300,1.0000,0.1534,0.0467,0.5464,0.3769,-0.4547,-0.1996,-0.1743,-0.1429,0.3711
missing_source_ratio,-0.1667,-0.1352,0.0188,0.0085,-0.0999,0.0064,0.1534,1.0000,-0.2179,0.0096,-0.0614,0.0716,-0.0955,-0.0642,-0.6777,0.0154
custom_proc_share,0.3846,0.4209,-0.0192,-0.0057,0.2007,-0.0868,0.0467,-0.2179,1.0000,0.1210,0.1657,-0.0380,0.0759,-0.2152,-0.2810,0.0662
delta_t_cv,0.4220,0.4856,0.0668,0.0390,0.2734,-0.3874,0.5464,0.0096,0.1210,1.0000,0.4056,-0.3325,,-0.3351,-0.1498,0.6314
interactive_ratio,0.3313,0.4399,-0.0520,-0.0058,0.3324,-0.3221,0.3769,-0.0614,0.1657,0.4056,1.0000,-0.2080,-0.0137,-0.2417,-0.1738,0.3034
interarrival_dt_mean,-0.1580,-0.1986,-0.6008,-0.0564,-0.1438,0.2510,-0.4547,0.0716,-0.0380,-0.3325,-0.2080,1.0000,,-0.0292,-0.0458,-0.1234
is_single_event,-0.1051,0.0093,-0.2124,-0.0204,0.1278,-0.0333,-0.1996,-0.0955,0.0759,,-0.0137,,1.0000,-0.0459,-0.0667,-0.2045
ntlm_ratio,-0.2189,-0.4253,0.0654,0.1194,-0.1279,0.0428,-0.1743,-0.0642,-0.2152,-0.3351,-0.2417,-0.0292,-0.0459,1.0000,0.3134,-0.4674
remote_logon_ratio,-0.0340,-0.2880,0.1273,0.0196,-0.1299,0.1542,-0.1429,-0.6777,-0.2810,-0.1498,-0.1738,-0.0458,-0.0667,0.3134,1.0000,-0.0544
same_second_share,0.3676,0.4231,0.1520,-0.0018,0.1575,-0.0574,0.3711,0.0154,0.0662,0.6314,0.3034,-0.1234,-0.2045,-0.4674,-0.0544,1.0000
