day,total_system_volume,active_accounts,user_vol_median,user_vol_p25,user_vol_p75,user_vol_p90,mean_failure_ratio,p95_failure_ratio,max_failure_ratio,weighted_failure_ratio,weighted_off_hours_ratio,logons_share_pct,phase,rolling7_volume,is_weekend_like
1,14445486.0,17910,328.0,175.0,416.0,593.0,0.015,0.006,1.0,0.02322,0.51367,1.532,0,14445486.0,0
2,16803076.0,19780,354.0,215.0,459.0,775.1,0.0243,0.0155,1.0,0.019546,0.48683,1.782,1,15624281.0,0
3,17273783.0,19795,360.0,221.0,460.0,712.0,0.0208,0.0122,1.0,0.015012,0.484862,1.8319,2,16174115.0,0
4,17214046.0,19828,359.0,223.0,461.0,703.3,0.0216,0.0117,1.0,0.009763,0.489652,1.8256,3,16434097.75,0
5,14303097.0,17028,350.0,228.0,432.0,599.0,0.015,0.0059,1.0,0.008044,0.525789,1.5169,4,16007897.6,0
6,12140609.0,13679,356.0,251.0,423.0,525.2,0.0061,0.0,1.0,0.009134,0.597165,1.2875,5,15363349.5,1
7,11737609.0,13214,359.0,261.0,422.0,522.0,0.0064,0.0,1.0,0.010195,0.584957,1.2448,6,14845386.5714,1
8,16419815.0,19609,366.0,221.0,463.0,655.0,0.024,0.0139,1.0,0.009767,0.480893,1.7414,0,15127433.5714,0
9,17555310.0,19883,366.0,239.0,465.0,720.8,0.0232,0.0116,1.0,0.010172,0.496703,1.8618,1,15234895.5714,0
10,19533236.0,19880,487.0,243.0,620.0,787.0,0.0203,0.0102,1.0,0.013763,0.516457,2.0716,2,15557674.5714,0
11,22891517.0,19907,536.0,265.0,782.0,936.0,0.0233,0.0124,1.0,0.015594,0.494885,2.4277,3,16368741.8571,0
12,17481281.0,17304,350.0,232.0,441.0,678.0,0.0186,0.0078,1.0,0.016924,0.526378,1.8539,4,16822768.1429,0
13,12480872.0,13394,330.0,103.0,415.0,480.0,0.0118,0.0,1.0,0.020799,0.624932,1.3236,5,16871377.1429,1
14,10843822.0,9100,355.0,281.0,398.0,449.0,0.0117,0.0,1.0,0.023482,0.585008,1.15,6,16743693.2857,1
15,11298195.0,9334,354.0,279.0,398.0,454.7,0.0107,0.0,1.0,0.022512,0.551549,1.1982,0,16012033.2857,0
16,17913414.0,19129,390.0,233.0,499.0,700.0,0.0254,0.017,1.0,0.020091,0.410104,1.8998,1,16063191.0,0
17,16751013.0,19606,388.0,230.0,488.0,686.5,0.0235,0.0135,1.0,0.020352,0.473759,1.7765,2,15665730.5714,0
18,16018379.0,19619,360.0,217.0,459.0,661.0,0.0227,0.0133,1.0,0.020569,0.476993,1.6988,3,14683853.7143,0
19,14856437.0,17756,346.0,190.0,436.0,579.5,0.025,0.0115,1.0,0.024412,0.510288,1.5756,4,14308876.0,0
20,12068849.0,14219,332.0,223.0,396.0,487.0,0.0159,0.0,1.0,0.027209,0.605702,1.2799,5,14250015.5714,1
21,12179607.0,13756,357.0,244.75,424.0,512.0,0.0157,0.0,1.0,0.026213,0.585666,1.2917,6,14440842.0,1
22,17126577.0,20518,359.0,197.0,465.0,670.3,0.034,0.0309,1.0,0.029271,0.468466,1.8163,0,15273468.0,0
23,13961141.0,16671,329.0,225.0,398.0,535.0,0.0197,0.0029,1.0,0.02476,0.572808,1.4806,1,14708857.5714,0
24,16770095.0,20602,338.0,194.0,431.0,672.0,0.0288,0.0231,1.0,0.020107,0.479115,1.7785,2,14711583.5714,0
25,16202574.0,19637,338.0,209.0,430.0,670.0,0.0208,0.0109,1.0,0.022234,0.488643,1.7183,3,14737897.1429,0
26,14563617.0,17533,331.0,216.0,413.0,590.8,0.0166,0.0075,1.0,0.021969,0.513175,1.5445,4,14696065.7143,0
27,11793504.0,13346,342.0,253.0,401.0,515.0,0.0063,0.0,1.0,0.023693,0.570058,1.2507,5,14656730.7143,1
28,12149347.0,12805,344.0,265.0,405.0,521.0,0.0069,0.0,1.0,0.024633,0.561065,1.2885,6,14652407.8571,1
29,16486286.0,19568,337.0,214.0,431.0,671.3,0.0214,0.0115,1.0,0.016725,0.477209,1.7484,0,14560937.7143,0
30,16482048.0,19928,344.5,214.0,438.0,677.0,0.0226,0.0123,1.0,0.010139,0.485041,1.748,1,14921067.2857,0
31,16868820.0,19972,346.0,218.0,439.0,705.9,0.0216,0.0109,1.0,0.010018,0.492805,1.789,2,14935170.8571,0
32,17768077.0,19958,342.0,216.0,439.0,713.0,0.0204,0.0105,1.0,0.009881,0.472639,1.8844,3,15158814.1429,0
33,14373591.0,16907,341.0,229.0,423.0,619.0,0.0164,0.0056,1.0,0.009807,0.524435,1.5244,4,15131667.5714,0
34,12896801.0,13501,344.0,255.0,408.0,540.0,0.0066,0.0,1.0,0.009731,0.581589,1.3677,5,15289281.4286,1
35,12448758.0,13125,345.0,262.0,408.0,540.6,0.0066,0.0,1.0,0.009233,0.583978,1.3202,6,15332054.4286,1
36,18138646.0,19756,358.0,222.0,456.0,709.0,0.0219,0.013,1.0,0.008893,0.475677,1.9237,0,15568105.8571,0
37,16392276.0,20095,325.0,193.0,418.0,584.0,0.026,0.0181,1.0,0.008277,0.464435,1.7384,1,15555281.2857,0
38,16768574.0,19451,359.0,216.0,450.0,642.0,0.0218,0.012,1.0,0.008576,0.489906,1.7784,2,15540960.4286,0
39,19280228.0,20364,465.0,254.0,625.0,795.7,0.0301,0.017,1.0,0.009222,0.43389,2.0447,3,15756982.0,0
40,15880332.0,18380,381.0,207.0,471.0,624.0,0.0261,0.0122,1.0,0.008692,0.480424,1.6842,4,15972230.7143,0
41,9354947.0,14577,272.0,87.0,349.0,400.0,0.0169,0.0,1.0,0.010703,0.708177,0.9921,5,15466251.5714,1
42,9492609.0,11188,320.0,150.0,366.0,427.0,0.015,0.0,1.0,0.012374,0.597283,1.0067,6,15043944.5714,1
43,17014149.0,20226,360.0,219.0,456.0,672.0,0.0336,0.0288,1.0,0.011849,0.480225,1.8044,0,14883302.1429,0
44,17255561.0,20643,368.0,205.0,470.0,682.0,0.0333,0.0296,1.0,0.011863,0.50247,1.83,1,15006628.5714,0
45,17218000.0,19846,369.0,224.0,474.0,682.5,0.0213,0.0109,1.0,0.011757,0.492986,1.826,2,15070832.2857,0
46,16604293.0,19540,364.0,225.0,467.0,663.0,0.0203,0.0108,1.0,0.012845,0.514112,1.7609,3,14688555.8571,0
47,14107376.0,16894,362.0,228.0,445.0,585.0,0.0148,0.0056,1.0,0.013696,0.533962,1.4961,4,14435276.4286,0
48,11373241.0,13126,368.0,266.0,432.0,533.5,0.006,0.0,1.0,0.014582,0.584244,1.2062,5,14723604.1429,1
49,10922502.0,12825,368.0,273.0,432.0,531.0,0.0056,0.0,1.0,0.014772,0.612547,1.1584,6,14927874.5714,1
50,16679720.0,19701,357.0,220.0,457.0,658.0,0.0225,0.0138,1.0,0.014026,0.475198,1.7689,0,14880099.0,0
51,17261143.0,20760,385.0,211.0,484.0,669.0,0.0298,0.0178,1.0,0.012117,0.489223,1.8306,1,14880896.4286,0
52,18326555.0,20835,366.0,211.0,462.0,666.0,0.0313,0.0206,1.0,0.010659,0.499898,1.9436,2,15039261.4286,0
53,18663733.0,20645,400.0,212.0,507.0,677.0,0.0274,0.0157,1.0,0.010334,0.515515,1.9793,3,15333467.1429,0
54,18491933.0,18293,348.0,205.0,436.0,573.8,0.0236,0.0085,1.0,0.019184,0.531736,1.9611,4,15959832.4286,0
55,15091067.0,14394,359.0,246.0,429.0,538.0,0.0154,0.0,1.0,0.006306,0.600539,1.6005,5,16490950.4286,1
56,15513036.0,14358,357.0,246.0,427.0,533.0,0.0164,0.0,1.0,0.006386,0.579191,1.6452,6,17146741.0,1
57,20946351.0,20262,364.0,214.0,462.0,658.0,0.0345,0.0357,1.0,0.012342,0.504565,2.2214,0,17756259.7143,0
58,20446634.0,20426,364.0,217.0,459.0,661.5,0.0335,0.0271,1.0,0.011571,0.527433,2.1684,1,18211329.8571,0
59,20278029.0,20436,361.0,205.0,450.0,654.0,0.0324,0.024,1.0,0.011961,0.502359,2.1505,2,18490111.8571,0
60,19324808.0,20461,354.0,198.0,446.0,648.0,0.0321,0.0239,1.0,0.013968,0.49651,2.0495,3,18584551.1429,0
