hour,ok_4624,fail_4625,total_events,ok_per_day,ok_per_weekday_like_day,ok_per_weekend_like_day,failure_ratio_pct,is_off_hours,share_pct,weekend_over_weekday_pct
0,35006118,668004,35674122,583435.3,594360.23,553391.75,1.8725,1,3.7833,93.1071
1,33173723,562954,33736677,552895.38,563866.73,522724.19,1.6687,1,3.5779,92.7035
2,33198155,504703,33702858,553302.58,562563.86,527834.06,1.4975,1,3.5743,93.8265
3,31204666,487427,31692093,520077.77,529431.34,494355.44,1.538,1,3.361,93.3748
4,30493369,498803,30992172,508222.82,516676.82,484974.31,1.6094,1,3.2868,93.8642
5,32648986,516316,33165302,544149.77,554701.39,515132.81,1.5568,1,3.5173,92.8667
6,36628627,563307,37191934,610477.12,651143.5,498644.56,1.5146,1,3.9443,76.5798
7,44144933,667352,44812285,735748.88,815098.41,517537.69,1.4892,1,4.7525,63.4939
8,47132518,678825,47811343,785541.97,892394.68,491697.0,1.4198,0,5.0705,55.0986
9,47779122,704395,48483517,796318.7,910011.5,483663.5,1.4529,0,5.1418,53.1492
10,46523710,641979,47165689,775395.17,890139.25,459848.94,1.3611,0,5.0021,51.6603
11,45743277,633797,46377074,762387.95,869344.77,468256.69,1.3666,0,4.9184,53.8632
12,45183739,658716,45842455,753062.32,849457.2,487976.38,1.4369,0,4.8617,57.4457
13,46654152,623513,47277665,777569.2,882138.57,490003.44,1.3188,0,5.0139,55.5472
14,45968331,645490,46613821,766138.85,868740.52,483984.25,1.3848,0,4.9435,55.711
15,46270695,614059,46884754,771178.25,872686.7,492030.0,1.3097,0,4.9723,56.3811
16,42420915,562388,42983303,707015.25,797015.64,459514.19,1.3084,0,4.5585,57.6544
17,36857062,516421,37373483,614284.37,667006.73,469297.88,1.3818,0,3.9636,70.3588
18,33888944,517490,34406434,564815.73,596033.02,478968.19,1.5041,1,3.6489,80.3593
19,33395750,497101,33892851,556595.83,584567.27,479674.38,1.4667,1,3.5944,82.0563
20,33568883,515026,34083909,559481.38,584666.89,490221.25,1.5111,1,3.6147,83.8462
21,33466279,512879,33979158,557771.32,581974.52,491212.5,1.5094,1,3.6036,84.4045
22,33184102,527091,33711193,553068.37,574576.84,493920.06,1.5635,1,3.5752,85.9624
23,34567336,505004,35072340,576122.27,599739.73,511174.25,1.4399,1,3.7195,85.2327
