Rank,Feature,Group,Role,Display_Transform,Human_N,Human_Null_Pct,Human_Zero_Pct,Human_Q1,Human_Median,Human_Q3,Human_IQR,Human_P90,Human_Mean,Machine_N,Machine_Null_Pct,Machine_Zero_Pct,Machine_Q1,Machine_Median,Machine_Q3,Machine_IQR,Machine_P90,Machine_Mean,Median_Direction,Cliffs_Delta,Abs_Cliffs_Delta,Effect_Band,Verdict,MannWhitney_p,Meaning
1,delta_t_cv,rhythm,core,log1p,446110,5.1403,0.1966,1.2197,1.3344,1.4868,0.2671,1.7209,1.3353,582999,0.3419,0.0058,0.8847,0.9375,1.0082,0.1236,1.1976,0.9866,Người > Máy,0.6759,0.6759,large,TÁCH RẤT MẠNH (large),< 1e-300,Độ biến thiên khoảng cách giữa các sự kiện (std / mean)
2,rare_logon_type_count,logon_type,core,log1p,470284,0.0,35.7714,0.0,1.9459,2.7726,2.7726,3.3322,1.6245,584999,0.0,99.4821,0.0,0.0,0.0,0.0,0.0,0.0047,Người > Máy,0.64,0.64,large,TÁCH RẤT MẠNH (large),< 1e-300,Số sự kiện thuộc loại logon hiếm (không phải Type 2/3)
3,same_second_share,rhythm,core,none,470284,0.0,10.5205,0.5,0.632,0.7,0.2,0.7451,0.5436,584999,0.0,0.8621,0.3639,0.4188,0.4609,0.097,0.4961,0.3993,Người > Máy,0.5979,0.5979,large,TÁCH RẤT MẠNH (large),< 1e-300,Tỷ lệ sự kiện dồn trong cùng một giây (burst)
4,ntlm_ratio,logon_type,core,none,470284,0.0,58.8464,0.0,0.0,0.025,0.025,0.5,0.1161,584999,0.0,10.9311,0.0794,0.123,0.1618,0.0825,0.1923,0.1205,Máy > Người,-0.5669,0.5669,large,TÁCH RẤT MẠNH (large),< 1e-300,Tỷ lệ xác thực bằng giao thức NTLM
5,distinct_sources_count,context,core,log1p,470284,0.0,1.5829,0.6931,0.6931,1.0986,0.4055,1.3863,0.9484,584999,0.0,1.3674,0.6931,0.6931,0.6931,0.0,0.6931,0.6879,Người > Máy,0.4533,0.4533,medium,TÁCH MẠNH (medium),< 1e-300,Số máy nguồn phân biệt phát sinh yêu cầu (dấu hiệu chia sẻ credential)
6,off_hours_ratio,time,core,none,470284,0.0,13.2046,0.2258,0.4715,0.575,0.3492,0.6458,0.4185,584999,0.0,4.1672,0.5098,0.5682,0.5946,0.0848,0.6239,0.5171,Máy > Người,-0.3141,0.3141,small,TÁCH RÕ (small),< 1e-300,Tỷ lệ hoạt động ngoài giờ hành chính (18h-7h)
7,distinct_hosts,context,core,log1p,470284,0.0,0.0,1.0986,1.6094,1.9459,0.8473,2.1972,1.6056,584999,0.0,0.0,1.0986,1.3863,1.6094,0.5108,1.7918,1.3843,Người > Máy,0.3105,0.3105,small,TÁCH RÕ (small),< 1e-300,Số máy đích phân biệt tài khoản đăng nhập tới (fan-out)
8,missing_source_ratio,context,core,none,470284,0.0,40.2333,0.0,0.03,0.0814,0.0814,0.1131,0.0688,584999,0.0,3.6805,0.0421,0.0515,0.0787,0.0366,0.1891,0.1039,Máy > Người,-0.2956,0.2956,small,TÁCH RÕ (small),< 1e-300,Tỷ lệ sự kiện thiếu trường máy nguồn (Source null)
9,interactive_ratio,logon_type,core,none,470284,0.0,70.8842,0.0,0.0,0.0019,0.0019,0.0099,0.0183,584999,0.0,99.9609,0.0,0.0,0.0,0.0,0.0,0.0001,Người > Máy,0.2908,0.2908,small,TÁCH RÕ (small),< 1e-300,Tỷ lệ đăng nhập trực tiếp tại bàn phím (LogonType = 2)
10,failure_ratio,failure,core,none,470284,0.0,73.1373,0.0,0.0,0.0011,0.0011,0.0099,0.0462,584999,0.0,98.7932,0.0,0.0,0.0,0.0,0.0,0.0018,Người > Máy,0.2559,0.2559,small,TÁCH RÕ (small),< 1e-300,Cường độ thất bại: failure_count / total_logons
11,custom_proc_share,context,core,none,470284,0.0,79.1677,0.0,0.0,0.0,0.0,0.0644,0.0763,584999,0.0,99.2945,0.0,0.0,0.0,0.0,0.0,0.0023,Người > Máy,0.2013,0.2013,small,TÁCH RÕ (small),< 1e-300,Tỷ lệ sự kiện do tiến trình nghiệp vụ riêng (Proc<6 số>.exe) khởi tạo
12,total_logons,volume,display,log1p,470284,0.0,0.0,4.7095,5.656,6.2166,1.5071,6.7731,5.2177,584999,0.0,0.0,5.7004,5.9243,6.0845,0.3841,6.2841,5.797,Máy > Người,-0.1768,0.1768,small,TÁCH RÕ (small),< 1e-300,Khối lượng: số sự kiện 4624 + 4625 của khoá trong ngày (cột hiển thị)
13,remote_logon_ratio,context,core,none,470284,0.0,8.9659,0.8462,0.9149,0.9719,0.1258,1.0,0.8075,584999,0.0,1.6007,0.9205,0.9483,0.9578,0.0373,0.9681,0.8935,Máy > Người,-0.1524,0.1524,small,TÁCH RÕ (small),< 1e-300,Tỷ lệ đăng nhập từ xa (Source != LogHost)
14,interarrival_dt_mean,rhythm,core,log1p,455614,3.1194,0.7509,4.725,5.2901,5.7814,1.0564,6.7243,5.2667,583561,0.2458,0.0129,5.1906,5.372,5.5215,0.3308,5.7037,5.3128,Máy > Người,-0.0571,0.0571,negligible,CHƯA TÁCH ĐƯỢC (negligible),< 1e-300,Khoảng cách trung bình giữa 2 sự kiện liên tiếp (giây); NULL khi chỉ 1 sự kiện
15,is_single_event,rhythm,core,none,470284,0.0,96.8806,0.0,0.0,0.0,0.0,0.0,0.0312,584999,0.0,99.7542,0.0,0.0,0.0,0.0,0.0,0.0025,Người > Máy,0.0287,0.0287,negligible,CHƯA TÁCH ĐƯỢC (negligible),< 1e-300,Cờ: khoá chỉ có đúng 1 sự kiện trong ngày
16,failure_locked_out_share,failure,core,none,126331,73.1373,98.7952,0.0,0.0,0.0,0.0,0.0,0.0071,7060,98.7932,99.9858,0.0,0.0,0.0,0.0,0.0,0.0001,Người > Máy,0.0119,0.0119,negligible,CHƯA TÁCH ĐƯỢC (negligible),5.079e-20,Tỷ lệ thất bại do khoá tài khoản (NULL khi ngày đó không có thất bại)
