,VIF
remote_logon_ratio,8.518
delta_mean_distinct_pair_7d,6.368
log_total_logons,5.395
missing_source_ratio,4.884
jaccard_hour_7d,4.810
delta_mean_distinct_source_7d,4.569
custom_proc_share,3.997
delta_mean_count_7d,3.976
log_distinct_hosts,3.838
distinct_sources_count,3.700
new_source_count_7d,3.633
off_hours_ratio,3.406
dist_shift_hour_7d,3.118
novelty_fail_host_7d,3.000
novelty_fail_failreason_7d,2.704
hour_entropy,2.595
same_second_share,2.511
rare_logon_type_count_log,2.329
jaccard_source_7d,2.306
jaccard_logontype_7d,2.299
novelty_share_pair_7d,2.286
peer_z_share_night,2.270
delta_mean_distinct_fail_host_7d,2.090
delta_t_cv,1.894
failure_ratio,1.834
is_single_event,1.793
ntlm_ratio,1.760
dst_host_entropy,1.750
peer_z_distinct_source,1.710
dist_shift_logontype_7d,1.600
volume_robust_z_7d,1.461
interactive_ratio,1.436
interarrival_dt_mean,1.392
activity_peak_hour_cos,1.373
days_since_last_activity,1.240
delta_mean_share_fail_7d,1.118
activity_peak_hour_sin,1.085
new_host_count_7d,1.071
failure_locked_out_share,1.022
