feature,description,scenarios,priority,cost,direction,leak_max_abs_diff,null_share,top_value_share,max_rho,max_rho_with,best_target_scenario,best_target_auc,decision,gate,reason,tier,vif_if_added
count_fail_15m,số đăng nhập thất bại (4625) trong khung 15 phút đông nhất của ngày,"brute_force,password_spraying",1,2,up,0.0000,0.0000,0.8760,0.9973,failure_ratio,brute_force,0.9994,loại,A,|ρ| = 0.9973 với failure_ratio,,
delta_mean_distinct_fail_host_7d,log số máy đích (LogHost) khác nhau (đăng nhập thất bại (4625)) hôm nay trừ trung bình của 7 ngày lịch trước,"brute_force,password_spraying",1,2,up,0.0000,0.0000,0.6953,0.6605,failure_ratio,password_spraying,0.9899,giữ,,AUC 0.990 trên password_spraying,core,
delta_mean_distinct_fail_source_7d,log số máy nguồn (Source) khác nhau (đăng nhập thất bại (4625)) hôm nay trừ trung bình của 7 ngày lịch trước,"brute_force,password_spraying",1,2,up,0.0000,0.0000,0.7125,0.9575,delta_mean_distinct_fail_host_7d,password_spraying,0.9908,loại,A,|ρ| = 0.9575 với delta_mean_distinct_fail_host_7d,,
delta_mean_share_fail_7d,tỷ lệ đăng nhập thất bại (4625) hôm nay trừ trung bình của 7 ngày lịch trước,"brute_force,password_spraying",1,2,up,0.0000,0.0225,0.7030,0.8209,delta_mean_distinct_fail_host_7d,brute_force,0.9994,giữ,,AUC 0.999 trên brute_force,core,
distinct_fail_host,số máy đích (LogHost) khác nhau trong đăng nhập thất bại (4625),"brute_force,password_spraying",1,2,up,0.0000,0.0000,0.8760,0.9967,failure_ratio,password_spraying,0.9806,loại,A,|ρ| = 0.9967 với failure_ratio,,
distinct_fail_host_15m,số máy đích (LogHost) khác nhau trong đăng nhập thất bại (4625) trong khung 15 phút đông nhất của ngày,"brute_force,password_spraying",1,2,up,0.0000,0.0000,0.8760,0.9971,failure_ratio,password_spraying,0.9812,loại,A,|ρ| = 0.9971 với failure_ratio,,
distinct_fail_source,số máy nguồn (Source) khác nhau trong đăng nhập thất bại (4625),"brute_force,password_spraying",1,2,up,0.0000,0.0000,0.8844,0.9551,failure_ratio,password_spraying,0.9825,loại,A,|ρ| = 0.9551 với failure_ratio,,
distinct_fail_source_15m,số máy nguồn (Source) khác nhau trong đăng nhập thất bại (4625) trong khung 15 phút đông nhất của ngày,"brute_force,password_spraying",1,2,up,0.0000,0.0000,0.8844,0.9554,failure_ratio,password_spraying,0.9830,loại,A,|ρ| = 0.9554 với failure_ratio,,
novelty_fail_host_7d,số máy đích (LogHost) trong đăng nhập thất bại (4625) hôm nay chưa xuất hiện trong 7 ngày lịch trước,"brute_force,password_spraying",1,2,up,0.0000,0.0000,0.9529,0.6348,delta_mean_distinct_fail_host_7d,password_spraying,0.9865,giữ,,AUC 0.987 trên password_spraying,core,
novelty_fail_source_7d,số máy nguồn (Source) trong đăng nhập thất bại (4625) hôm nay chưa xuất hiện trong 7 ngày lịch trước,"brute_force,password_spraying",1,2,up,0.0000,0.0000,0.9602,0.8976,novelty_fail_host_7d,password_spraying,0.9975,loại,A,|ρ| = 0.8976 với novelty_fail_host_7d,,
novelty_share_fail_host_7d,tỷ lệ đăng nhập thất bại (4625) hôm nay thuộc máy đích (LogHost) chưa xuất hiện trong 7 ngày lịch trước,"brute_force,password_spraying",1,2,up,0.0000,0.8760,0.6201,0.9998,novelty_fail_host_7d,password_spraying,0.9871,loại,B,NULL 87.6% > 50%,,
novelty_share_fail_source_7d,tỷ lệ đăng nhập thất bại (4625) hôm nay thuộc máy nguồn (Source) chưa xuất hiện trong 7 ngày lịch trước,"brute_force,password_spraying",1,2,up,0.0000,0.8844,0.6553,0.8976,novelty_fail_host_7d,password_spraying,0.9977,loại,B,NULL 88.4% > 50%,,
delta_mean_distinct_fail_failreason_7d,log số lý do thất bại khác nhau (đăng nhập thất bại (4625)) hôm nay trừ trung bình của 7 ngày lịch trước,brute_force,1,3,up,0.0000,0.0000,0.6964,0.9921,delta_mean_distinct_fail_host_7d,brute_force,0.9895,loại,A,|ρ| = 0.9921 với delta_mean_distinct_fail_host_7d,,
delta_mean_distinct_fail_pair_7d,"log số cặp (Source, LogHost) khác nhau (đăng nhập thất bại (4625)) hôm nay trừ trung bình của 7 ngày lịch trước","brute_force,password_spraying",1,3,up,0.0000,0.0000,0.7120,0.9599,delta_mean_distinct_fail_host_7d,password_spraying,0.9905,loại,A,|ρ| = 0.9599 với delta_mean_distinct_fail_host_7d,,
dist_shift_fail_host_7d,khoảng cách phân bố (total variation) của đăng nhập thất bại (4625) theo máy đích (LogHost) giữa hôm nay và 7 ngày lịch trước,"brute_force,password_spraying",1,3,up,0.0000,0.9073,0.6099,0.5126,failure_ratio,brute_force,0.8068,loại,B,NULL 90.7% > 50%,,
dist_shift_fail_source_7d,khoảng cách phân bố (total variation) của đăng nhập thất bại (4625) theo máy nguồn (Source) giữa hôm nay và 7 ngày lịch trước,"brute_force,password_spraying",1,3,up,0.0000,0.9135,0.7015,0.4264,failure_ratio,password_spraying,0.8083,loại,B,NULL 91.3% > 50%,,
distinct_fail_failreason,số lý do thất bại khác nhau trong đăng nhập thất bại (4625),brute_force,1,3,up,0.0000,0.0000,0.8760,0.9970,failure_ratio,brute_force,0.9809,loại,A,|ρ| = 0.9970 với failure_ratio,,
distinct_fail_failreason_15m,số lý do thất bại khác nhau trong đăng nhập thất bại (4625) trong khung 15 phút đông nhất của ngày,brute_force,1,3,up,0.0000,0.0000,0.8760,0.9971,failure_ratio,brute_force,0.9809,loại,A,|ρ| = 0.9971 với failure_ratio,,
distinct_fail_pair,"số cặp (Source, LogHost) khác nhau trong đăng nhập thất bại (4625)","brute_force,password_spraying",1,3,up,0.0000,0.0000,0.8844,0.9552,failure_ratio,password_spraying,0.9823,loại,A,|ρ| = 0.9552 với failure_ratio,,
distinct_fail_pair_15m,"số cặp (Source, LogHost) khác nhau trong đăng nhập thất bại (4625) trong khung 15 phút đông nhất của ngày","brute_force,password_spraying",1,3,up,0.0000,0.0000,0.8844,0.9554,failure_ratio,password_spraying,0.9828,loại,A,|ρ| = 0.9554 với failure_ratio,,
evenness_fail_host,độ trải đều (Pielou) của đăng nhập thất bại (4625) theo máy đích (LogHost) trong ngày,"brute_force,password_spraying",1,3,both,0.0000,0.8760,0.8997,0.4284,novelty_fail_host_7d,password_spraying,0.5010,loại,B,NULL 87.6% > 50%,,
evenness_fail_source,độ trải đều (Pielou) của đăng nhập thất bại (4625) theo máy nguồn (Source) trong ngày,"brute_force,password_spraying",1,3,both,0.0000,0.8844,0.9337,0.2990,novelty_fail_host_7d,password_spraying,0.5006,loại,B,NULL 88.4% > 50%,,
fanout_fail_source,số tài khoản khác mà máy nguồn (Source) của tài khoản này chạm tới qua đăng nhập thất bại (4625) trong ngày (lấy max),"brute_force,password_spraying",1,3,up,0.0000,0.0000,0.8844,0.9550,failure_ratio,password_spraying,1.0000,loại,A,|ρ| = 0.9550 với failure_ratio,,
jaccard_fail_host_7d,độ trùng (Jaccard) giữa tập máy đích (LogHost) hôm nay và tập máy đích (LogHost) của 7 ngày lịch trước (đăng nhập thất bại (4625)),"brute_force,password_spraying",1,3,down,0.0000,0.9073,0.6329,0.7891,failure_ratio,brute_force,0.8068,loại,B,NULL 90.7% > 50%,,
jaccard_fail_source_7d,độ trùng (Jaccard) giữa tập máy nguồn (Source) hôm nay và tập máy nguồn (Source) của 7 ngày lịch trước (đăng nhập thất bại (4625)),"brute_force,password_spraying",1,3,down,0.0000,0.9135,0.7201,0.7703,failure_ratio,password_spraying,0.8084,loại,B,NULL 91.3% > 50%,,
novelty_fail_failreason_7d,số lý do thất bại trong đăng nhập thất bại (4625) hôm nay chưa xuất hiện trong 7 ngày lịch trước,brute_force,1,3,up,0.0000,0.0000,0.9643,0.8373,novelty_fail_host_7d,brute_force,0.7278,giữ,,AUC 0.728 trên brute_force,core,
novelty_fail_pair_7d,"số cặp (Source, LogHost) trong đăng nhập thất bại (4625) hôm nay chưa xuất hiện trong 7 ngày lịch trước","brute_force,password_spraying",1,3,up,0.0000,0.0000,0.9571,0.9313,novelty_fail_host_7d,password_spraying,0.9968,loại,A,|ρ| = 0.9313 với novelty_fail_host_7d,,
novelty_share_fail_failreason_7d,tỷ lệ đăng nhập thất bại (4625) hôm nay thuộc lý do thất bại chưa xuất hiện trong 7 ngày lịch trước,brute_force,1,3,up,0.0000,0.8760,0.7120,0.9999,novelty_fail_failreason_7d,brute_force,0.7279,loại,B,NULL 87.6% > 50%,,
novelty_share_fail_pair_7d,"tỷ lệ đăng nhập thất bại (4625) hôm nay thuộc cặp (Source, LogHost) chưa xuất hiện trong 7 ngày lịch trước","brute_force,password_spraying",1,3,up,0.0000,0.8844,0.6290,0.9314,novelty_fail_host_7d,password_spraying,0.9972,loại,B,NULL 88.4% > 50%,,
peer_z_distinct_fail_host,z bền vững của log số máy đích (LogHost) khác nhau (đăng nhập thất bại (4625)) so với các tài khoản cùng loại (entity_type) trong cùng ngày,"brute_force,password_spraying",1,3,up,0.0000,0.0000,0.8767,0.9878,failure_ratio,password_spraying,0.9793,loại,A,|ρ| = 0.9878 với failure_ratio,,
peer_z_distinct_fail_source,z bền vững của log số máy nguồn (Source) khác nhau (đăng nhập thất bại (4625)) so với các tài khoản cùng loại (entity_type) trong cùng ngày,"brute_force,password_spraying",1,3,up,0.0000,0.0000,0.8852,0.9453,failure_ratio,password_spraying,0.9819,loại,A,|ρ| = 0.9453 với failure_ratio,,
peer_z_share_fail,z bền vững của tỷ lệ đăng nhập thất bại (4625) so với các tài khoản cùng loại (entity_type) trong cùng ngày,"brute_force,password_spraying",1,3,up,0.0000,0.0000,0.8765,0.9853,failure_ratio,brute_force,0.9869,loại,A,|ρ| = 0.9853 với failure_ratio,,
delta_mean_distinct_hour_7d,log số khung giờ khác nhau (mọi sự kiện) hôm nay trừ trung bình của 7 ngày lịch trước,off_hours,2,1,up,0.0000,0.0000,0.4306,0.3673,off_hours_ratio,off_hours,0.0947,loại,C,AUC tốt nhất trên kịch bản mục tiêu = 0.095 (off_hours) < 0.7,,
delta_mean_distinct_source_7d,log số máy nguồn (Source) khác nhau (mọi sự kiện) hôm nay trừ trung bình của 7 ngày lịch trước,new_workstation_burst,2,1,up,0.0000,0.0000,0.4826,0.4451,distinct_sources_count,new_workstation_burst,1.0000,giữ,,AUC 1.000 trên new_workstation_burst,core,
distinct_source_15m,số máy nguồn (Source) khác nhau trong mọi sự kiện trong khung 15 phút đông nhất của ngày,new_workstation_burst,2,1,up,0.0000,0.0000,0.8383,0.9314,distinct_sources_count,new_workstation_burst,0.9609,loại,A,|ρ| = 0.9314 với distinct_sources_count,,
novelty_hour_7d,số khung giờ trong mọi sự kiện hôm nay chưa xuất hiện trong 7 ngày lịch trước,off_hours,2,1,up,0.0000,0.0000,0.8856,0.4170,delta_mean_distinct_source_7d,off_hours,0.8109,giữ,,AUC 0.811 trên off_hours,dự bị,
novelty_share_hour_7d,tỷ lệ mọi sự kiện hôm nay thuộc khung giờ chưa xuất hiện trong 7 ngày lịch trước,off_hours,2,1,up,0.0000,0.0000,0.8856,0.9957,novelty_hour_7d,off_hours,0.8451,loại,A,|ρ| = 0.9957 với novelty_hour_7d,,
novelty_share_source_7d,tỷ lệ mọi sự kiện hôm nay thuộc máy nguồn (Source) chưa xuất hiện trong 7 ngày lịch trước,new_workstation_burst,2,1,up,0.0000,0.0146,0.9172,0.9983,new_source_count_7d,new_workstation_burst,0.9907,loại,A,|ρ| = 0.9983 với new_source_count_7d,,
count_night,số sự kiện ngoài giờ (18h–7h),off_hours,2,2,up,0.0000,0.0000,0.0916,0.8440,log_total_logons,off_hours,0.2433,loại,C,AUC tốt nhất trên kịch bản mục tiêu = 0.243 (off_hours) < 0.7,,
count_night_15m,số sự kiện ngoài giờ (18h–7h) trong khung 15 phút đông nhất của ngày,off_hours,2,2,up,0.0000,0.0000,0.0916,0.7203,log_total_logons,off_hours,0.9088,giữ,,AUC 0.909 trên off_hours,dự bị,
delta_mean_distinct_pair_7d,"log số cặp (Source, LogHost) khác nhau (mọi sự kiện) hôm nay trừ trung bình của 7 ngày lịch trước","lateral_fanout,new_workstation_burst",2,2,up,0.0000,0.0000,0.0572,0.7796,delta_mean_distinct_source_7d,lateral_fanout,0.9999,giữ,,AUC 1.000 trên lateral_fanout,core,
delta_mean_share_night_7d,tỷ lệ sự kiện ngoài giờ (18h–7h) hôm nay trừ trung bình của 7 ngày lịch trước,off_hours,2,2,up,0.0000,0.0225,0.0359,0.6293,off_hours_ratio,off_hours,0.9776,giữ,,AUC 0.978 trên off_hours,dự bị,
dist_shift_hour_7d,khoảng cách phân bố (total variation) của mọi sự kiện theo khung giờ giữa hôm nay và 7 ngày lịch trước,off_hours,2,2,up,0.0000,0.0225,0.0197,0.5707,hour_entropy,off_hours,0.9870,giữ,,AUC 0.987 trên off_hours,core,
dist_shift_source_7d,khoảng cách phân bố (total variation) của mọi sự kiện theo máy nguồn (Source) giữa hôm nay và 7 ngày lịch trước,new_workstation_burst,2,2,up,0.0000,0.0360,0.7186,0.7028,distinct_sources_count,new_workstation_burst,0.8706,giữ,,AUC 0.871 trên new_workstation_burst,dự bị,
distinct_pair,"số cặp (Source, LogHost) khác nhau trong mọi sự kiện","lateral_fanout,new_workstation_burst",2,2,up,0.0000,0.0000,0.2813,0.9087,log_distinct_hosts,lateral_fanout,0.9995,loại,A,|ρ| = 0.9087 với log_distinct_hosts,,
distinct_pair_15m,"số cặp (Source, LogHost) khác nhau trong mọi sự kiện trong khung 15 phút đông nhất của ngày","lateral_fanout,new_workstation_burst",2,2,up,0.0000,0.0000,0.3631,0.8789,log_distinct_hosts,lateral_fanout,0.9978,loại,A,|ρ| = 0.8789 với log_distinct_hosts,,
jaccard_hour_7d,độ trùng (Jaccard) giữa tập khung giờ hôm nay và tập khung giờ của 7 ngày lịch trước (mọi sự kiện),off_hours,2,2,down,0.0000,0.0225,0.6331,0.6915,log_total_logons,off_hours,0.9835,giữ,,AUC 0.983 trên off_hours,core,
jaccard_source_7d,độ trùng (Jaccard) giữa tập máy nguồn (Source) hôm nay và tập máy nguồn (Source) của 7 ngày lịch trước (mọi sự kiện),new_workstation_burst,2,2,down,0.0000,0.0360,0.7821,0.7122,dist_shift_source_7d,new_workstation_burst,0.9945,giữ,,AUC 0.995 trên new_workstation_burst,core,
novelty_share_pair_7d,"tỷ lệ mọi sự kiện hôm nay thuộc cặp (Source, LogHost) chưa xuất hiện trong 7 ngày lịch trước","lateral_fanout,new_workstation_burst",2,2,up,0.0000,0.0146,0.7980,0.7562,new_host_count_7d,lateral_fanout,0.9897,giữ,,AUC 0.990 trên lateral_fanout,core,
novelty_share_success_hour_7d,tỷ lệ đăng nhập thành công (4624) hôm nay thuộc khung giờ chưa xuất hiện trong 7 ngày lịch trước,off_hours,2,2,up,0.0000,0.0145,0.8947,0.9441,novelty_hour_7d,off_hours,0.8486,loại,A,|ρ| = 0.9441 với novelty_hour_7d,,
novelty_share_success_source_7d,tỷ lệ đăng nhập thành công (4624) hôm nay thuộc máy nguồn (Source) chưa xuất hiện trong 7 ngày lịch trước,new_workstation_burst,2,2,up,0.0000,0.0272,0.9231,0.9476,new_source_count_7d,new_workstation_burst,0.9921,loại,A,|ρ| = 0.9476 với new_source_count_7d,,
novelty_success_hour_7d,số khung giờ trong đăng nhập thành công (4624) hôm nay chưa xuất hiện trong 7 ngày lịch trước,off_hours,2,2,up,0.0000,0.0000,0.8963,0.9777,novelty_hour_7d,off_hours,0.8151,loại,A,|ρ| = 0.9777 với novelty_hour_7d,,
novelty_success_source_7d,số máy nguồn (Source) trong đăng nhập thành công (4624) hôm nay chưa xuất hiện trong 7 ngày lịch trước,new_workstation_burst,2,2,up,0.0000,0.0000,0.9252,0.9492,new_source_count_7d,new_workstation_burst,1.0000,loại,A,|ρ| = 0.9492 với new_source_count_7d,,
peer_z_distinct_source,z bền vững của log số máy nguồn (Source) khác nhau (mọi sự kiện) so với các tài khoản cùng loại (entity_type) trong cùng ngày,new_workstation_burst,2,2,up,0.0000,0.0000,0.8246,0.8305,distinct_sources_count,new_workstation_burst,0.9999,giữ,,AUC 1.000 trên new_workstation_burst,core,
dist_shift_pair_7d,"khoảng cách phân bố (total variation) của mọi sự kiện theo cặp (Source, LogHost) giữa hôm nay và 7 ngày lịch trước","lateral_fanout,new_workstation_burst",2,3,up,0.0000,0.0360,0.0650,0.6806,dist_shift_source_7d,lateral_fanout,0.8011,giữ,,AUC 0.801 trên lateral_fanout,dự bị,
jaccard_pair_7d,"độ trùng (Jaccard) giữa tập cặp (Source, LogHost) hôm nay và tập cặp (Source, LogHost) của 7 ngày lịch trước (mọi sự kiện)","lateral_fanout,new_workstation_burst",2,3,down,0.0000,0.0360,0.2153,0.6151,jaccard_source_7d,lateral_fanout,0.9788,giữ,,AUC 0.979 trên lateral_fanout,dự bị,
novelty_share_success_pair_7d,"tỷ lệ đăng nhập thành công (4624) hôm nay thuộc cặp (Source, LogHost) chưa xuất hiện trong 7 ngày lịch trước","lateral_fanout,new_workstation_burst",2,3,up,0.0000,0.0272,0.8051,0.9633,novelty_share_pair_7d,lateral_fanout,0.9914,loại,A,|ρ| = 0.9633 với novelty_share_pair_7d,,
novelty_success_pair_7d,"số cặp (Source, LogHost) trong đăng nhập thành công (4624) hôm nay chưa xuất hiện trong 7 ngày lịch trước","lateral_fanout,new_workstation_burst",2,3,up,0.0000,0.0000,0.8104,0.9548,novelty_share_pair_7d,lateral_fanout,0.9999,loại,A,|ρ| = 0.9548 với novelty_share_pair_7d,,
peer_z_distinct_pair,"z bền vững của log số cặp (Source, LogHost) khác nhau (mọi sự kiện) so với các tài khoản cùng loại (entity_type) trong cùng ngày","lateral_fanout,new_workstation_burst",2,3,up,0.0000,0.0000,0.3140,0.6108,log_distinct_hosts,lateral_fanout,0.9891,giữ,,AUC 0.989 trên lateral_fanout,dự bị,
peer_z_share_night,z bền vững của tỷ lệ sự kiện ngoài giờ (18h–7h) so với các tài khoản cùng loại (entity_type) trong cùng ngày,off_hours,2,3,up,0.0000,0.0000,0.0169,0.7464,off_hours_ratio,off_hours,0.9801,giữ,,AUC 0.980 trên off_hours,core,
delta_mean_distinct_host_7d,log số máy đích (LogHost) khác nhau (mọi sự kiện) hôm nay trừ trung bình của 7 ngày lịch trước,lateral_fanout,3,1,up,0.0000,0.0000,0.0340,0.9289,delta_mean_distinct_pair_7d,lateral_fanout,0.9997,loại,A,|ρ| = 0.9289 với delta_mean_distinct_pair_7d,,
distinct_host_15m,số máy đích (LogHost) khác nhau trong mọi sự kiện trong khung 15 phút đông nhất của ngày,lateral_fanout,3,1,up,0.0000,0.0000,0.3524,0.9131,log_distinct_hosts,lateral_fanout,0.9980,loại,A,|ρ| = 0.9131 với log_distinct_hosts,,
novelty_share_host_7d,tỷ lệ mọi sự kiện hôm nay thuộc máy đích (LogHost) chưa xuất hiện trong 7 ngày lịch trước,lateral_fanout,3,1,up,0.0000,0.0000,0.7614,0.9867,new_host_count_7d,lateral_fanout,0.9935,loại,A,|ρ| = 0.9867 với new_host_count_7d,,
dist_shift_host_7d,khoảng cách phân bố (total variation) của mọi sự kiện theo máy đích (LogHost) giữa hôm nay và 7 ngày lịch trước,lateral_fanout,3,2,up,0.0000,0.0225,0.0386,0.8329,dist_shift_pair_7d,lateral_fanout,0.7897,giữ,,AUC 0.790 trên lateral_fanout,dự bị,
jaccard_host_7d,độ trùng (Jaccard) giữa tập máy đích (LogHost) hôm nay và tập máy đích (LogHost) của 7 ngày lịch trước (mọi sự kiện),lateral_fanout,3,2,down,0.0000,0.0225,0.1397,0.7558,jaccard_pair_7d,lateral_fanout,0.9812,giữ,,AUC 0.981 trên lateral_fanout,dự bị,
novelty_share_success_host_7d,tỷ lệ đăng nhập thành công (4624) hôm nay thuộc máy đích (LogHost) chưa xuất hiện trong 7 ngày lịch trước,lateral_fanout,3,2,up,0.0000,0.0145,0.7683,0.9628,new_host_count_7d,lateral_fanout,0.9951,loại,A,|ρ| = 0.9628 với new_host_count_7d,,
novelty_success_host_7d,số máy đích (LogHost) trong đăng nhập thành công (4624) hôm nay chưa xuất hiện trong 7 ngày lịch trước,lateral_fanout,3,2,up,0.0000,0.0000,0.7716,0.9741,new_host_count_7d,lateral_fanout,0.9998,loại,A,|ρ| = 0.9741 với new_host_count_7d,,
peer_z_distinct_host,z bền vững của log số máy đích (LogHost) khác nhau (mọi sự kiện) so với các tài khoản cùng loại (entity_type) trong cùng ngày,lateral_fanout,3,2,up,0.0000,0.0000,0.3046,0.8970,peer_z_distinct_pair,lateral_fanout,0.9742,loại,A,|ρ| = 0.8970 với peer_z_distinct_pair,,
recency_host_hist,số ngày kể từ lần gần nhất thấy máy đích (LogHost) (mọi sự kiện),lateral_fanout,3,2,up,0.0000,0.0219,0.8950,0.9356,days_since_last_activity,lateral_fanout,0.4990,loại,A,|ρ| = 0.9356 với days_since_last_activity,,
active_days_7d,số ngày có hoạt động trong 7 ngày lịch trước,dormant_wakeup,4,1,down,0.0000,0.0000,0.5832,0.7944,delta_mean_distinct_source_7d,dormant_wakeup,0.9984,giữ,,AUC 0.998 trên dormant_wakeup,dự bị,11.7186
delta_mean_count_7d,log số mọi sự kiện hôm nay trừ trung bình của 7 ngày lịch trước,dormant_wakeup,4,1,up,0.0000,0.0000,0.0049,0.7961,delta_mean_distinct_pair_7d,dormant_wakeup,0.9992,giữ,,AUC 0.999 trên dormant_wakeup,core,
delta_mean_distinct_logontype_7d,log số loại logon khác nhau (mọi sự kiện) hôm nay trừ trung bình của 7 ngày lịch trước,logon_type_switch,4,1,up,0.0000,0.0000,0.4404,0.8009,delta_mean_distinct_pair_7d,logon_type_switch,0.6348,loại,C,AUC tốt nhất trên kịch bản mục tiêu = 0.635 (logon_type_switch) < 0.7,,
novelty_logontype_7d,số loại logon trong mọi sự kiện hôm nay chưa xuất hiện trong 7 ngày lịch trước,logon_type_switch,4,1,up,0.0000,0.0000,0.9372,0.5417,novelty_share_pair_7d,logon_type_switch,0.9959,giữ,,AUC 0.996 trên logon_type_switch,dự bị,
novelty_share_logontype_7d,tỷ lệ mọi sự kiện hôm nay thuộc loại logon chưa xuất hiện trong 7 ngày lịch trước,logon_type_switch,4,1,up,0.0000,0.0000,0.9372,0.9993,novelty_logontype_7d,logon_type_switch,0.9980,loại,A,|ρ| = 0.9993 với novelty_logontype_7d,,
dist_shift_logontype_7d,khoảng cách phân bố (total variation) của mọi sự kiện theo loại logon giữa hôm nay và 7 ngày lịch trước,logon_type_switch,4,2,up,0.0000,0.0225,0.6122,0.6980,rare_logon_type_count_log,logon_type_switch,0.9996,giữ,,AUC 1.000 trên logon_type_switch,core,
jaccard_logontype_7d,độ trùng (Jaccard) giữa tập loại logon hôm nay và tập loại logon của 7 ngày lịch trước (mọi sự kiện),logon_type_switch,4,2,down,0.0000,0.0225,0.7292,0.6692,dist_shift_logontype_7d,logon_type_switch,0.9996,giữ,,AUC 1.000 trên logon_type_switch,core,
novelty_share_success_logontype_7d,tỷ lệ đăng nhập thành công (4624) hôm nay thuộc loại logon chưa xuất hiện trong 7 ngày lịch trước,logon_type_switch,4,2,up,0.0000,0.0145,0.9458,0.9084,novelty_logontype_7d,logon_type_switch,0.9887,loại,A,|ρ| = 0.9084 với novelty_logontype_7d,,
novelty_success_logontype_7d,số loại logon trong đăng nhập thành công (4624) hôm nay chưa xuất hiện trong 7 ngày lịch trước,logon_type_switch,4,2,up,0.0000,0.0000,0.9465,0.9165,novelty_logontype_7d,logon_type_switch,0.9866,loại,A,|ρ| = 0.9165 với novelty_logontype_7d,,
