feature,direction,brute_force,password_spraying,off_hours,new_workstation_burst,dormant_wakeup,logon_type_switch,lateral_fanout
count_fail_15m,up,0.9994,0.9917,0.5422,0.5015,0.4815,0.5022,0.5118
count_night,up,0.0760,0.3099,0.2433,0.5089,0.8451,0.4986,0.3697
count_night_15m,up,0.0732,0.4488,0.9088,0.6208,0.9200,0.4021,0.4880
distinct_source_15m,up,0.6023,0.7017,0.6961,0.9609,0.7108,0.5667,0.7058
distinct_host_15m,up,0.1486,0.6317,0.8737,0.6741,0.6732,0.3425,0.9980
distinct_pair,up,0.6787,0.8269,0.8300,0.9993,0.7087,0.5110,0.9995
distinct_pair_15m,up,0.4478,0.6443,0.8638,0.8981,0.6960,0.5035,0.9978
distinct_fail_source,up,0.9825,0.9825,0.5446,0.5031,0.4831,0.5031,0.5131
distinct_fail_source_15m,up,0.9830,0.9830,0.5447,0.5031,0.4831,0.5031,0.5131
distinct_fail_host,up,0.9806,0.9806,0.5430,0.5015,0.4815,0.5015,0.5115
distinct_fail_host_15m,up,0.9812,0.9812,0.5431,0.5015,0.4815,0.5015,0.5115
distinct_fail_pair,up,0.9823,0.9823,0.5446,0.5031,0.4831,0.5031,0.5131
distinct_fail_pair_15m,up,0.9828,0.9828,0.5446,0.5031,0.4831,0.5031,0.5131
distinct_fail_failreason,up,0.9809,0.9809,0.5431,0.5015,0.4815,0.5015,0.5115
distinct_fail_failreason_15m,up,0.9809,0.9809,0.5431,0.5015,0.4815,0.5015,0.5115
evenness_fail_source,both,0.5006,0.5006,0.5096,0.5006,0.5006,0.5006,0.5006
evenness_fail_host,both,0.5010,0.5010,0.5092,0.5010,0.5010,0.5010,0.5010
fanout_fail_source,up,0.9800,1.0000,0.5443,0.5030,0.4831,0.5030,0.5129
novelty_hour_7d,up,0.7711,0.5179,0.8109,0.4864,0.9944,0.5725,0.5577
novelty_logontype_7d,up,0.5061,0.4961,0.5370,0.5161,0.9968,0.9959,0.5061
novelty_fail_source_7d,up,0.9975,0.9975,0.5383,0.4975,0.4975,0.4975,0.4975
novelty_fail_host_7d,up,0.9865,0.9865,0.5376,0.4968,0.4968,0.4968,0.4968
novelty_fail_pair_7d,up,0.9968,0.9968,0.5377,0.4969,0.4969,0.4969,0.4969
novelty_fail_failreason_7d,up,0.7278,0.6978,0.5284,0.4978,0.4978,0.4978,0.4978
novelty_success_source_7d,up,0.5436,0.5035,0.6163,1.0000,0.9976,0.5335,0.5335
novelty_success_host_7d,up,0.5204,0.5003,0.6133,0.5103,0.9976,0.5402,0.9998
novelty_success_pair_7d,up,0.5481,0.4982,0.6223,0.9998,0.9947,0.5388,0.9999
novelty_success_hour_7d,up,0.7654,0.5215,0.8151,0.4904,0.9948,0.5758,0.5508
novelty_success_logontype_7d,up,0.5068,0.4968,0.5377,0.5168,0.9974,0.9866,0.5068
novelty_share_source_7d,up,0.9937,0.9900,0.6157,0.9907,0.9968,0.5330,0.5225
novelty_share_host_7d,up,0.5193,0.4995,0.6126,0.5094,0.9978,0.5393,0.9935
novelty_share_pair_7d,up,0.9933,0.9874,0.6210,0.9884,0.9966,0.5370,0.9897
novelty_share_hour_7d,up,0.7501,0.5152,0.8451,0.4844,0.9920,0.5674,0.5507
novelty_share_logontype_7d,up,0.5061,0.4961,0.5368,0.5161,0.9980,0.9980,0.5061
novelty_share_fail_source_7d,up,0.9977,0.9977,0.5383,0.4975,0.4975,0.4975,0.4975
novelty_share_fail_host_7d,up,0.9871,0.9871,0.5376,0.4968,0.4968,0.4968,0.4968
novelty_share_fail_pair_7d,up,0.9972,0.9972,0.5377,0.4969,0.4969,0.4969,0.4969
novelty_share_fail_failreason_7d,up,0.7279,0.6979,0.5284,0.4978,0.4978,0.4978,0.4978
novelty_share_success_source_7d,up,0.5438,0.5036,0.6165,0.9921,0.9974,0.5338,0.5334
novelty_share_success_host_7d,up,0.5206,0.5004,0.6136,0.5103,0.9986,0.5403,0.9951
novelty_share_success_pair_7d,up,0.5489,0.4982,0.6224,0.9902,0.9973,0.5386,0.9914
novelty_share_success_hour_7d,up,0.7625,0.5205,0.8486,0.4887,0.9945,0.5719,0.5454
novelty_share_success_logontype_7d,up,0.5069,0.4968,0.5376,0.5168,0.9988,0.9887,0.5068
jaccard_source_7d,down,0.9560,0.8811,0.8240,0.9945,0.3774,0.6087,0.7646
jaccard_host_7d,down,0.9122,0.4735,0.3954,0.5421,0.5160,0.3020,0.9812
jaccard_pair_7d,down,0.9339,0.7322,0.6387,0.9618,0.5414,0.4358,0.9788
jaccard_hour_7d,down,0.9065,0.5129,0.9835,0.4936,0.4221,0.6173,0.5772
jaccard_logontype_7d,down,0.6829,0.7835,0.5818,0.7406,0.3248,0.9996,0.7454
jaccard_fail_source_7d,down,0.8084,0.8084,0.5272,0.4965,0.4965,0.4965,0.4965
jaccard_fail_host_7d,down,0.8068,0.8067,0.5243,0.4934,0.4934,0.4934,0.4934
dist_shift_source_7d,up,0.9733,0.8418,0.8547,0.8706,0.3172,0.7073,0.8092
dist_shift_host_7d,up,0.9285,0.6456,0.6807,0.5840,0.5000,0.3840,0.7897
dist_shift_pair_7d,up,0.9697,0.7631,0.8067,0.7784,0.5000,0.5302,0.8011
dist_shift_hour_7d,up,0.9540,0.6775,0.9870,0.5729,0.5000,0.4892,0.7042
dist_shift_logontype_7d,up,0.8172,0.8056,0.8115,0.7613,0.3168,0.9996,0.7819
dist_shift_fail_source_7d,up,0.8083,0.8083,0.5271,0.4964,0.4964,0.4964,0.4964
dist_shift_fail_host_7d,up,0.8068,0.8068,0.5242,0.4932,0.4932,0.4932,0.4932
delta_mean_count_7d,up,0.8843,0.6740,0.4989,0.6835,0.9992,0.5641,0.7089
delta_mean_distinct_source_7d,up,0.8754,0.9340,0.6183,1.0000,0.9930,0.5352,0.7201
delta_mean_distinct_host_7d,up,0.2326,0.7004,0.7969,0.6294,0.9949,0.6283,0.9997
delta_mean_distinct_pair_7d,up,0.6421,0.8263,0.7518,0.9989,0.9930,0.6431,0.9999
delta_mean_distinct_hour_7d,up,0.6820,0.7186,0.0947,0.6912,0.9760,0.4856,0.7047
delta_mean_distinct_logontype_7d,up,0.7773,0.4536,0.7409,0.5008,0.9933,0.6348,0.5087
delta_mean_share_fail_7d,up,0.9994,0.9716,0.3819,0.2928,0.6068,0.5376,0.3203
delta_mean_distinct_fail_source_7d,up,0.9901,0.9908,0.4290,0.2808,0.5981,0.5327,0.3421
delta_mean_distinct_fail_host_7d,up,0.9893,0.9899,0.4227,0.2850,0.6035,0.5385,0.3319
delta_mean_distinct_fail_pair_7d,up,0.9899,0.9905,0.4294,0.2814,0.5987,0.5333,0.3427
delta_mean_distinct_fail_failreason_7d,up,0.9895,0.9901,0.4218,0.2827,0.6020,0.5354,0.3331
delta_mean_share_night_7d,up,0.0262,0.6033,0.9776,0.5300,0.5000,0.4530,0.4641
peer_z_distinct_source,up,0.6621,0.8185,0.4546,0.9999,0.4669,0.3166,0.5185
peer_z_distinct_host,up,0.1295,0.4694,0.5789,0.4588,0.4847,0.2370,0.9742
peer_z_distinct_pair,up,0.2778,0.5070,0.5568,0.9840,0.4086,0.2342,0.9891
peer_z_share_fail,up,0.9869,0.9774,0.5422,0.5016,0.4821,0.5024,0.5118
peer_z_distinct_fail_source,up,0.9819,0.9819,0.5449,0.5035,0.4835,0.5035,0.5134
peer_z_distinct_fail_host,up,0.9793,0.9793,0.5432,0.5018,0.4819,0.5018,0.5118
peer_z_share_night,up,0.0105,0.4086,0.9801,0.3373,0.5115,0.5116,0.1912
active_days_7d,down,0.7451,0.6946,0.6411,0.6456,0.9984,0.4886,0.6889
recency_host_hist,up,0.5485,0.4890,0.6528,0.4990,0.9589,0.5190,0.4990
log_total_logons,both,0.7759,0.6878,0.8150,0.5320,0.8435,0.5059,0.5838
failure_ratio,both,0.9867,0.9776,0.5417,0.5011,0.5185,0.5018,0.5113
failure_locked_out_share,both,0.5002,0.5002,0.5002,0.5002,0.5002,0.5002,0.5002
off_hours_ratio,both,0.9819,0.5747,0.9846,0.6551,0.5371,0.5387,0.8166
interarrival_dt_mean,both,0.6393,0.7232,0.9157,0.5024,0.8883,0.5032,0.5907
delta_t_cv,both,0.9819,0.7082,0.9100,0.7109,0.9418,0.6944,0.7993
same_second_share,both,0.8972,0.6971,0.8401,0.6750,0.6922,0.5118,0.5976
is_single_event,both,0.5068,0.5068,0.5068,0.5068,0.5068,0.5068,0.5068
activity_peak_hour_sin,both,0.5036,0.6003,0.7392,0.5280,0.5780,0.5122,0.6458
activity_peak_hour_cos,both,0.7522,0.5467,0.7499,0.6564,0.5295,0.5247,0.8100
hour_entropy,both,0.9678,0.7510,0.8704,0.5974,0.5993,0.5275,0.7571
interactive_ratio,both,0.5032,0.5033,0.7489,0.5134,0.5133,0.5068,0.5033
rare_logon_type_count_log,both,0.7904,0.5731,0.7502,0.6209,0.6093,0.9891,0.6582
ntlm_ratio,both,0.9521,0.5038,0.6799,0.7283,0.7434,0.5222,0.6663
log_distinct_hosts,both,0.8386,0.6709,0.8088,0.6490,0.6947,0.6722,0.9993
distinct_sources_count,both,0.8707,0.9190,0.6900,0.9998,0.7205,0.5869,0.7437
dst_host_entropy,both,0.8998,0.6860,0.8656,0.6030,0.6600,0.5860,0.6875
missing_source_ratio,both,0.9183,0.7271,0.6278,0.5850,0.6125,0.6679,0.5287
remote_logon_ratio,both,0.6085,0.7216,0.7580,0.6649,0.6686,0.5789,0.6421
new_source_count_7d,both,0.9929,0.9923,0.6155,1.0000,0.9974,0.5327,0.5227
new_host_count_7d,both,0.5196,0.5006,0.6125,0.5094,0.9973,0.5393,0.9997
days_since_last_activity,both,0.5384,0.5112,0.6526,0.5012,0.9998,0.5188,0.5012
volume_robust_z_7d,both,0.7437,0.5125,0.6419,0.5615,0.5087,0.5933,0.6059
custom_proc_share,both,0.7684,0.5455,0.5684,0.6310,0.5886,0.5653,0.6205
